idClient,dni,name,surname
1,1,Brendan,Carroll
2,2,Joshua,Lloyd
3,3,Wyatt,Travis
4,4,Ezekiel,Cunningham
5,5,Branden,Booker
6,6,Xanthus,Hays
7,7,Nolan,Williamson
8,8,Edan,Owen
9,9,Luke,Villarreal
10,10,Francis,Armstrong
11,11,Maxwell,Kent
12,12,Kirk,Wallace
13,13,Branden,Kirk
14,14,Zane,Browning
15,15,Timothy,Price
16,16,Edward,Cook
17,17,Lev,Clemons
18,18,Dustin,Good
19,19,Acton,Bonner
20,20,Ronan,Kaufman
21,21,Allen,Acevedo
22,22,Randall,Deleon
23,23,Colby,Fulton
24,24,Kyle,White
25,25,Colton,Beasley
26,26,Phillip,Mcneil
27,27,Forrest,Mueller
28,28,Rooney,Norris
29,29,Allistair,Christensen
30,30,Berk,Shields
31,31,Ethan,Riggs
32,32,Lester,Sharp
33,33,Nehru,Casey
34,34,Kirk,Noble
35,35,Ray,Luna
36,36,Zahir,Weiss
37,37,Hop,Luna
38,38,Chaim,Warner
39,39,Daniel,Beard
40,40,Xanthus,Mccarthy
41,41,Joshua,Spencer
42,42,Kane,Richmond
43,43,Neville,May
44,44,Duncan,Bond
45,45,Len,Whitney
46,46,Lucian,Delgado
47,47,Armand,Gray
48,48,Chaney,Rice
49,49,Chancellor,Church
50,50,Francis,Gilliam
51,51,Ahmed,Terrell
52,52,Jerry,Valencia
53,53,Amos,Doyle
54,54,Troy,Drake
55,55,Aladdin,Morales
56,56,Lee,Deleon
57,57,Ignatius,Herrera
58,58,Ashton,Leblanc
59,59,Mufutau,Hull
60,60,Wylie,Chang
61,61,Deacon,Pierce
62,62,Yuli,Cross
63,63,Charles,Rush
64,64,Jeremy,Sampson
65,65,Octavius,Stout
66,66,Jerry,Farley
67,67,Mason,Shelton
68,68,Ryan,Cherry
69,69,Dillon,Zamora
70,70,Lionel,Evans
71,71,Hashim,Pickett
72,72,Uriah,Maldonado
73,73,Edward,Rivera
74,74,Jonas,Hebert
75,75,Lewis,Lambert
76,76,Omar,Larson
77,77,Linus,Blankenship
78,78,Sean,Matthews
79,79,Brock,Mcdowell
80,80,Randall,Singleton
81,81,Andrew,Burke
82,82,Gannon,Bray
83,83,Kermit,Marks
84,84,Aristotle,Reyes
85,85,Channing,Contreras
86,86,Calvin,Dalton
87,87,Rahim,Nguyen
88,88,Wayne,Hunter
89,89,Rafael,Joyce
90,90,Kennan,Tucker
91,91,Kieran,Chase
92,92,Alvin,Sellers
93,93,Devin,Johnston
94,94,Carl,Larsen
95,95,Kennan,Bush
96,96,Nero,May
97,97,Barclay,Hayden
98,98,Branden,Spears
99,99,Otto,Stephens
100,100,Griffith,Mcgowan